name,x,y
St James' Park,-1.621656,54.975556
MKM Stadium,-0.367694,53.746291
Baku Olympic Stadium,49.919592,40.429956